{
    "metrics": {
        "http_req_sending": {
            "max": 21.278,
            "p(90)": 0.139,
            "p(95)": 0.162,
            "avg": 0.07584992352894601,
            "min": 0,
            "med": 0.066
        },
        "data_received": {
            "count": 313475542,
            "rate": 563724.2825821335
        },
        "http_req_receiving": {
            "med": 0.087,
            "max": 48636.507,
            "p(90)": 62.621,
            "p(95)": 87.69939999999984,
            "avg": 36.211455308700316,
            "min": 0
        },
        "http_req_tls_handshaking": {
            "avg": 22.384275722450273,
            "min": 0,
            "med": 0,
            "max": 49130.803,
            "p(90)": 0,
            "p(95)": 0
        },
        "http_req_duration": {
            "max": 60002.051,
            "p(90)": 362.20880000000005,
            "p(95)": 776.2685999999998,
            "avg": 661.4546881027183,
            "min": 0,
            "med": 91.292,
            "thresholds": {
                "p(95)<800": false
            }
        },
        "http_req_blocked": {
            "p(95)": 0.001,
            "avg": 46.283043982946175,
            "min": 0,
            "med": 0,
            "max": 49415.212,
            "p(90)": 0.001
        },
        "http_req_waiting": {
            "min": 0,
            "med": 65.9585,
            "max": 60001.94,
            "p(90)": 300.3609,
            "p(95)": 695.4845999999989,
            "avg": 625.1673828704775
        },
        "vus_max": {
            "value": 1000,
            "min": 1000,
            "max": 1000
        },
        "http_req_duration{expected_response:true}": {
            "avg": 479.90765234422923,
            "min": 24.077,
            "med": 91.035,
            "max": 55615.081,
            "p(90)": 344.62960000000004,
            "p(95)": 711.7336999999993
        },
        "http_req_connecting": {
            "min": 0,
            "med": 0,
            "max": 25022.917,
            "p(90)": 0,
            "p(95)": 0,
            "avg": 26.160426652177396
        },
        "http_reqs": {
            "count": 124230,
            "rate": 223.40329066303505
        },
        "checks": {
            "passes": 247118,
            "fails": 1342,
            "value": 0.9945987281654994
        },
        "data_sent": {
            "count": 7645980,
            "rate": 13749.795478900047
        },
        "http_req_failed": {
            "passes": 671,
            "fails": 123559,
            "thresholds": {
                "rate<0.01": false
            },
            "value": 0.005401271834500523
        },
        "vus": {
            "value": 1,
            "min": 1,
            "max": 1000
        },
        "iteration_duration": {
            "avg": 10408.574188375016,
            "min": 1577.2575,
            "med": 6956.528583,
            "max": 116536.419625,
            "p(90)": 10996.126749800002,
            "p(95)": 37946.119008399924
        },
        "custom_duration": {
            "max": 60002.051,
            "p(90)": 362.20880000000005,
            "p(95)": 776.2685999999998,
            "avg": 661.4546881027183,
            "min": 0,
            "med": 91.292
        },
        "check_failure_rate": {
            "passes": 671,
            "fails": 123559,
            "value": 0.005401271834500523
        },
        "iterations": {
            "count": 20705,
            "rate": 37.233881777172506
        }
    },
    "root_group": {
        "id": "d41d8cd98f00b204e9800998ecf8427e",
        "groups": {},
        "checks": {
                "✅ status is 200": {
                    "name": "✅ status is 200",
                    "path": "::✅ status is 200",
                    "id": "5ad3ea28cf7cb68c64512cb2d74ee6e8",
                    "passes": 123559,
                    "fails": 671
                },
                "✅ body length > 100": {
                    "name": "✅ body length > 100",
                    "path": "::✅ body length > 100",
                    "id": "905b2c98a11e4035ca925283917b90ac",
                    "passes": 123559,
                    "fails": 671
                }
            },
        "name": "",
        "path": ""
    }
}